seller_id,order_count,avg_review_score,avg_delivery_delay_days
001cca7ae9ae17fb1caed9dfb1094831,200,3.87,-12.27
002100f778ceb8431b7a1020ff7ab48f,51,3.98,-7.35
004c9cd9d87a3c30c522c48c4fc07416,158,4.10,-11.06
00ee68308b45bc5e2660cd833c3f81cc,135,4.33,-9.94
00fc707aaaad2d31347cf883cd2dfe10,103,3.77,-14.58
013900e863eace745d3ec7614cab5b1a,23,4.73,-15.12
0176f73cc1195f367f7b32db1e5b3aa8,38,4.03,-7.84
01cf7e3d21494c41fb86034f2e714fa1,61,4.22,-14.23
01fd077212124329bac32490e8ef80d9,31,4.31,-10.97
01fdefa7697d26ad920e9e0346d4bd1b,129,4.35,-12.79
0241d4d5d36f10f80c644447315af0bd,238,4.30,-12.07
02ecc2a19303f05e59ce133fd923fff7,21,4.54,-14.04
02f5837340d7eb4f653d676c7256523a,30,4.83,-16.37
02f623a8eb246f3c5f7c2f96462654e6,44,4.57,-9.80
04308b1ee57b6625f47df1d56f00eedf,94,3.88,-10.70
0432ead42b6c8a0bdf68154add917fdf,83,4.51,-12.49
048c2757535328e0d7dac690ad3c0aae,51,4.12,-9.14
04e38a233f726ef161074ab1c9b0399a,23,3.79,-4.92
0509040ea3fe50071181bbc359eb7738,89,4.51,-9.82
054694fa03fe82cec4b7551487331d74,21,3.36,-1.24
056b4ada5bbc2c50cc7842547dda6b51,65,4.08,-11.57
058fd0aa2bfdb2274e05e1ae971dabb6,61,4.39,-10.89
05d2173d43ea568aa0540eba70d2ca76,62,3.91,-10.67
05f51e13da97139648b8125c31e5f51b,60,4.10,-9.10
05ff92fedb5be47920fea08e501238b9,59,4.21,-16.88
062ce95fa2ad4dfaedfc79260130565f,55,3.97,-12.51
06579cb253ecd5a3a12a9e6eb6bf8f47,62,3.76,-8.27
066a6914e1ebf3ea95a216c73a986b91,68,3.93,-15.82
0691148aee60ca47977c187804f935ae,47,3.99,-11.79
06a2c3af7b3aee5d69171b0e14f0ee87,392,3.96,-10.50
06df0c10d34e459d9672bc77388742eb,26,4.37,-13.77
06e5eefc71ec47ae763c5c6f8db7064f,92,3.87,-15.94
070d165398b553f3b4b851c216b8a358,32,3.44,-8.21
080102cd0a76b09e0dcf55fcacc60e05,124,4.49,-10.92
080199a181c46c657dc5aa235411be3b,79,4.61,-8.67
08633c14ef2db992c11f840f04fad4cd,74,4.24,-10.91
0885aaf116795758dfeb5f1032487bcd,28,4.20,-10.48
093805f8f2aeb63881444571e1f48f30,22,3.81,-9.81
09f952a5f58d2285b0372551ae8f9b01,50,3.88,-11.18
0adac9fbd9a2b63cccaac4f8756c1ca8,107,4.01,-10.32
0afccdb8a34ee5c79f7c06faf2b4d56e,25,3.92,-9.46
0b35c634521043bf4b47e21547b99ab5,51,3.46,-13.96
0b90b6df587eb83608a64ea8b390cf07,164,3.99,-17.34
0bae85eb84b9fb3bd773911e89288d54,137,4.21,-14.26
0bb738e4d789e63e2267697c42d35a2d,30,4.58,-13.14
0be8ff43f22e456b4e0371b2245e4d01,158,3.94,-10.89
0bf0150d5b9d60d9cd2906003332f085,39,3.68,-6.44
0c7533c71df861ec58ad7ff999ed0e8d,61,4.08,-8.85
0c8380b62e38e8a1e6adbeba7eb9688c,182,4.01,-11.47
0cbcee27c791afa0cdcb08587a2013a8,38,3.93,-14.05
0d33a55da925bbf1ff02af5f6059fc7f,22,4.50,-11.54
0d85bbda9889ce1f7e63778d24f346eb,51,3.88,-9.31
0db783cfcd3b73998abc6e10e59a102f,132,4.21,-12.12
0dd184061fb0eaa7ca37932c68ab91c5,161,3.94,-10.33
0df3984f9dfb3d49ac6366acbd3bbb85,86,4.34,-13.82
0ea22c1cfbdc755f86b9b54b39c16043,237,4.28,-15.77
0ebd97a106433a45a4aebe57c1799778,31,4.50,-16.13
0ed6ce5d87fd9c69eaacaeb778d67235,43,4.33,-11.93
0ef83d7d83ed97cd2a0049ac8be5f88a,48,4.18,-12.91
0ffa40d54288e4f3499b8780dd0f144f,33,4.40,-11.34
10076e5788b8ee532724bcd460baf762,23,4.62,-11.31
1025f0e2d44d7041d6cf58b6550e0bfa,915,3.84,-10.20
1127b7f2594683f2510f1c2c834a486b,110,4.18,-9.73
11305281b50fff20ae8bb473f8e11876,35,4.35,-11.80
113e3a788b935f48aad63e1c41dac1bd,39,4.42,-14.73
116ccb1a1604bc88e4d234a8c23f33de,61,4.60,-9.86
11bfa66332777660bd0640ee84d47006,76,3.78,-8.00
128639473a139ac0f3e5f5ade55873a5,533,4.16,-11.34
12b9676b00f60f3b700e83af21824c0e,134,4.54,-20.26
1336efc61c316ddf92c899eb817f7cae,74,3.94,-10.27
138dbe45fc62f1e244378131a6801526,49,3.98,-9.03
13d058e4eeac2ce8217660b2f8a05812,23,4.22,-9.41
1464afc72f696af775557a821c2e253f,29,4.17,-11.73
14a08204d03bb6b6bde8029f801ae0eb,28,3.82,-14.79
14d7985702e72162bbf13b6beb74ab2b,37,4.34,-7.87
1554a68530182680ad5c8b042c3ab563,247,4.22,-12.81
157c3e4b42f81ac4a44e8b1ca2fe9876,23,3.97,-12.06
15aac934c58d886785ac1b17953ea898,25,4.12,-6.77
16090f2ca825584b5a147ab24aa30c86,402,4.04,-8.77
165fc07beebdcb6190fba8a06db2a449,50,3.69,-10.22
17306570e772e7718c92a562d33f5f1d,29,3.63,-9.07
1771297ac436903d1dd6b0e9279aa505,28,4.58,-15.06
17a053fcb14bd219540cbde0df490be0,125,4.18,-9.21
17ca9b9e9b9ef8fdb529001b49ebb50f,116,4.01,-13.11
17e34d8224d27a541263c4c64b11a56b,253,4.15,-9.93
17f51e7198701186712e53a39c564617,56,4.34,-11.31
1835b56ce799e6a4dc4eddc053f04066,423,3.56,-9.92
1838dd9b8977065acf51d95e0053ea7a,64,4.24,-10.14
18a349e75d307f4b4cc646a691ed4216,119,3.42,-13.90
18e694e0e48ed6f7aa3f24aade5fd697,31,4.68,-12.44
1900267e848ceeba8fa32d80c1a5f5a8,411,3.82,-9.21
198c7ea11960a9844b544d9bcdca860c,25,3.88,-9.92
1a3df491d1c4f1589fc2b934ada68bf2,167,4.17,-12.09
1a932caad4f9d804097d7f8e615baed1,20,3.57,-11.23
1b4c3a6f53068f0b6944d2d005c9fc89,113,4.11,-11.87
1b8356dabde1d35e17cef975c3f82730,56,4.08,-13.30
1b938a7ec6ac5061a66a3766e0e75f90,30,4.24,-13.77
1bb2bdb95f4841f1bba2c0d2cd83d3c9,81,4.58,-12.34
1c129092bf23f28a5930387c980c0dfc,201,4.16,-9.32
1c40343cc5d18c2d8248ac2f3366de34,21,4.55,-11.09
1c68394e931a64f90ea236c5ea590300,142,3.93,-14.46
1ca7077d890b907f89be8c954a02686a,115,2.19,-6.06
1caf283236cd69af44cbc09a0a1e7d32,33,4.54,-10.51
1ce3ae5a399804d1a87e706f8a813c3e,40,3.73,-15.41
1d4587203296c8f4ad134dc286fa6db0,42,4.30,-10.32
1d8dbc4f32378d715c717c1c1fc57bae,92,3.88,-11.07
1da366cade6d8276e7d8beea7af5d4bf,43,3.88,-7.54
1da3aeb70d7989d1e6d9b0e887f97c23,264,4.07,-10.76
1dc2de47ee26a0a5b12dc14fd6dc0dea,25,4.52,-8.04
1dfe5347016252a7884b694d4f10f5c4,21,3.15,-6.92
1e8b33f18b4f7598d87f5cbee2282cc2,123,4.25,-10.03
1eade46fba20122dc4aefb379f8c636b,58,4.31,-6.65
1f1bb1f0859883505541bdd6606193e5,27,4.31,-9.55
1f50f920176fa81dab994f9023523100,1403,3.98,-9.95
1f9ab4708f3056ede07124aad39a2554,78,4.08,-12.55
1fe5540d7c1c37a595fefbacd5570d9e,20,4.28,-13.44
2089a6d640999f9b9141ac719b2af596,43,3.79,-10.59
20cb7c2fde3e5bf10f0bbe7394e1c6a9,32,3.84,-11.92
20d83f3ef0e6925fd74bfd59170babf7,40,4.35,-10.65
2138ccb85b11a4ec1e37afbd1c8eda1f,393,3.91,-11.73
213b25e6f54661939f11710a6fddb871,155,3.74,-10.15
2156f2671501a81034d7d07f217609d0,22,3.86,-5.62
218d46b86c1881d022bce9c68a7d4b15,387,4.14,-10.81
2199e7fe213c16213bf5d6a7eadc9a5d,25,4.29,-12.23
229c3efbfb0ea2058de4ccdfbc3d784a,121,3.61,-11.37
232a6014e7b10cba61c6c2b2ea6bb4b0,33,4.08,-13.31
23613d49c3ac2bd302259e55c06c050c,70,3.65,-10.46
238fac594e170b59c6d228f5a4f4f1d9,29,3.93,-9.40
23a0ffca143a15b9b5bbdb7d552f626a,23,3.96,-10.54
23c38debaffe4a25a30fdbd9b586a13f,41,4.30,-9.54
23d7c96d4a1160db1c726b248601b25a,50,3.86,-10.08
240b9776d844d37535668549a396af32,36,4.28,-10.31
244c2f1bff6afe1f2eaf9bfe9b2aed38,23,3.81,-7.63
2528513dd95219a6013d4d05176e391a,160,3.93,-11.34
259f7b5e6e482c230e5bfaa670b6bb8f,138,4.19,-12.78
25c5c91f63607446a97b143d2d535d31,158,3.71,-11.03
25cf099de44674fde97473224f9d59ab,50,4.26,-11.96
25e6ffe976bd75618accfe16cefcbd0d,107,4.41,-13.60
26d8a1c7c75d513045798992ead43aa2,36,4.24,-11.58
2709af9587499e95e803a6498a5a56e9,26,2.57,-3.98
271c58a1d139c45eaf3316107c6d3a3b,29,4.07,-10.30
272f092de69afedd4d2969440b37f18f,25,3.91,-14.95
2745f798279e0ed033addcc1474776d7,32,3.91,-9.81
276677b5d08786d5dce7c2149dcce48b,33,3.81,-9.29
282f23a9769b2690c5dda22e316f9941,99,4.30,-11.17
289cdb325fb7e7f891c38608bf9e0962,110,4.58,-9.60
28f10b1c5e5abb9d4857745bede6147c,28,4.00,-5.82
2a1348e9addc1af5aaa619b1a3679d6b,51,3.00,1.41
2a261b5b644fa05f4f2700eb93544f2c,51,3.35,-8.33
2a5b78b41cd05baeac8df54c6606b92c,49,4.08,-17.73
2a6fbeaa7ab9e5d59a35841a8da71ce4,30,3.87,-11.87
2a7dc43cecabf23403078e2188437d1d,52,4.09,-9.33
2a84855fd20af891be03bc5924d2b453,161,4.28,-11.52
2b1a40c1daabc6ca280c4b815c101841,22,3.79,-13.09
2b3e4a2a3ea8e01938cabda2a3e5cc79,52,4.39,-10.96
2bf6a2c1e71bbd29a4ad64e6d3c3629f,30,4.19,-13.84
2c9e548be18521d1c43cde1c582c6de8,126,3.90,-6.09
2d50d6282f8aa2257819a77bfaa0efe0,44,3.64,-9.40
2dee2ce60de9709b1a24083217181a1f,54,4.36,-16.18
2e13c71026e1a39ba5cc1b86dcb679aa,24,4.25,-13.25
2e1c9f22be269ef4643f826c9e650a52,166,4.12,-9.57
2e90cb1677d35cfe24eef47d441b7c87,127,4.04,-9.88
2eb70248d66e0e3ef83659f71b244378,202,2.68,-9.26
2ff97219cb8622eaf3cd89b7d9c09824,88,4.54,-8.46
3078096983cf766a32a06257648502d1,57,4.31,-11.48
30a2f535bb48308f991d0b9ad4a8c4bb,71,4.25,-11.94
31344c16881c08a8a72c6d2eb29918c1,43,4.35,-9.38
31561f325664a8a7aba4c8d0c3a9b3db,36,4.58,-8.68
318f287a62ab7ac10b703ac37435a231,52,3.87,-8.59
31da954dc0855f2495c6310f70a2f931,29,4.23,-9.90
323ce52b5b81df2cd804b017b7f09aa7,30,4.27,-4.83
325f3178fb58e2a9778334621eecdbf9,36,4.46,-11.04
32b8764b4ef628b53608fc34011fcc13,36,4.24,-13.82
3340ef1913fb70d28420f6ceb685c339,32,4.33,-10.26
33576ec5412fb5905d876f12f33bfde6,31,4.13,-16.25
3361277dc30b7cccdb0c286b24219756,29,4.21,-14.14
33a17d60c64393351ebf1ef860f4e0f2,43,4.62,-15.13
33a6f4b1e7cdc205511e76ba1b6e0186,105,4.36,-12.71
33ac3e28642ab8bda860a2f693000e78,34,4.23,-12.06
34056b8b55c1775a22af2331670a799c,78,4.00,-10.04
3481aa57cd91f9f9d3fa1fa12d9a3bf7,25,3.88,-15.88
34d1ca11b242c0fee2c834ae8d788566,40,4.22,-13.02
3504c0cb71d7fa48d967e0e4c94d59d9,53,4.42,-9.79
3586b8580d9c917874e053a1bb37b5ff,36,4.44,-16.05
36a968b544695394e4e9d7572688598f,153,3.65,-11.36
37515688008a7a40ac93e3b2e4ab203f,228,4.06,-7.20
376a891762bbdecbc02b4b6adec3fdda,57,4.67,-14.34
3771c85bac139d2344864ede5d9341e3,26,3.57,-7.47
3785b653b1b82de85ab47dd139938091,21,4.75,-18.25
37be5a7c751166fbc5f8ccba4119e043,272,4.30,-12.60
381c83fdca332ea6afd896da20bf6e4a,46,4.39,-14.89
382229d1e840115ffe3dbf5ff460e417,46,4.27,-9.52
38e679b9e0064cd94c6f035707344dae,27,4.18,-15.89
391fc6631aebcf3004804e51b40bcf1e,526,3.95,-10.81
39d54ff918774174706fb065d7f9dc07,22,3.92,-11.50
3ab971ce71839580d2ae5b4e40fe8044,36,3.74,-11.22
3ade81dab5a172b88e1871c28ae05260,30,3.97,-9.63
3b15288545f8928d3e65a8f949a28291,104,3.87,-10.89
3b872fd4747f01cc56206f2934198618,25,3.89,-8.22
3bb548e3cb7f70f28e3f11ee9dce0e59,46,3.98,-16.87
3bdff180c7e1f6551a643b99c265a120,59,3.97,-11.43
3be634553519fb6536a03e1358e9fdc7,83,3.93,-9.86
3c03b12bab54d8b37d79d914bfdb1aa0,37,3.81,-7.98
3c487ae8f8d7542beff5788e2e0aea83,30,3.91,-10.09
3c4e0452bff7a2a788179488d3d77032,32,3.78,-14.64
3c7c4a49ec3c6550809089c6a2ca9370,141,3.71,-8.52
3d5d0dc7073a299e31fa718ce1bc00b6,22,4.30,-12.23
3d871de0142ce09b7081e2b9d1733cb1,1076,4.10,-12.18
3d8fa2f5b647373c8620330c4e077a9f,43,3.84,-12.26
3db66a856d18a9cba7c9241fc5221c50,94,4.19,-11.04
3df020b72d3d44b3af9d110fa3940b65,55,3.95,-10.04
3f3486b61f45078d4f31ee5e43d8c5bb,40,4.33,-9.49
3f995f07c49d0d55a99d5c54957f7d81,43,4.21,-11.14
3fd1e727ba94cfe122d165e176ce7967,36,3.89,-8.00
406822777a0b9eb5c50e442dd4cd3ec5,45,4.26,-9.74
40d54b51e962dbe09cabbcfd33298dee,30,3.90,-11.48
411f3b52d857390502ee4e4d5ceabc2d,21,4.00,-6.23
412a4720f3e9431b4afa1476a1acddbe,21,4.27,-8.91
41b39e28db005d9731d9d485a83b4c38,193,4.17,-17.47
41c2bad7229b0c25e6becf179ebf63ff,20,4.96,-15.04
4200ddf1967c5e41e48db62bc6d4b5ac,22,3.95,-10.45
42b729f859728f5079499127a9c2ef37,104,4.33,-6.37
42bde9fef835393bb8a8849cb6b7f245,34,4.28,-13.33
42ef3192a9ff87a22d1867b74b3ee205,23,4.65,-10.04
42fa4ee7240e9b8eb4576358ec142ba7,22,4.73,-14.68
430315b7bb4b6e4b3c978f9dfa9b0558,20,3.86,-12.80
431af27f296bc6519d890aa5a05fdb11,117,3.75,-6.69
432c37c9dfba871172ec162e20118b8c,45,4.23,-10.47
4342d4b2ba6b161468c63a7e7cfce593,20,1.25,-6.00
4371b634e0efc0e22b09b52907d9d469,101,4.41,-9.87
43f8c9950d11ecd03a0304a49e010da6,41,4.56,-11.37
44073f8b7e41514de3b7815dd0237f4f,144,3.75,-14.86
440dd6ab244315c632130ecfb63827b1,93,3.85,-10.51
4559697a8f7e637227c2eeaed843baff,42,4.05,-11.54
45ba18c210d42734ec52c0c1c574e9ee,37,3.90,-11.55
45d33f715e24d15a6ccf5c17b3a23e3c,57,4.12,-11.05
46dc3b2cc0980fb8ec44634e21d2718e,518,4.17,-11.25
48162d548f5b1b11b9d29d1e01f75a61,67,3.79,-11.88
4830e40640734fc1c52cd21127c341d4,208,4.13,-10.27
48436dade18ac8b2bce089ec2a041202,138,4.05,-9.18
4869f7a5dfa277a7dca6462dcf3b52b2,1131,4.12,-10.28
48efc9d94a9834137efd9ea76b065a38,33,5.00,-23.35
4917cee8d902e13428c3ec4b1ca6f315,31,4.16,-8.97
4992e76a42cb3aad7a7047e0d3d7e729,57,3.84,-9.64
4a3ca9315b744ce9f8e9374361493884,1804,3.78,-8.75
4a3ccda38b2129705f3fb522db62ca31,65,3.76,-10.18
4aba391bc3b88717ce08eb11e44937b2,28,4.00,-12.39
4b5f66b7adcf57f1ecc0d3c07dd6b177,23,4.11,-13.39
4b9750c8ad28220fe6702d4ecb7c898f,218,4.35,-8.46
4bf2f4ee540798a61f9636d12cd9cc80,29,4.17,-11.43
4bfc7a4a1cf8d4d2121c27422d9e50b5,26,4.23,-9.55
4c03b9dd4c11ee2cb35c96c49efc9420,48,4.06,-13.17
4c18691b6037662be2df78a765d98ab5,63,3.84,-10.57
4c2b230173bb36f9b240f2b8ac11786e,261,3.73,-7.73
4c498c7345e89aebad651544829beca0,48,4.29,-8.32
4d6d651bd7684af3fffabd5f08d12e5a,368,4.17,-12.08
4da0e408c99d2fdc2126dc9fce518060,44,4.44,-20.94
4e06067cc08b3f41d837768d392c3ee3,31,4.17,-13.43
4e17c65a516f69d023a2ae78b84f28d6,61,4.08,-19.91
4e5725ba188db8252977a4f0227bd462,22,3.44,-2.04
4e7c18b98d84e05cbae3ff0ff03846c2,82,4.12,-12.22
4e922959ae960d389249c378d1c939f5,420,3.89,-12.14
4ebdc7e6cd6102a022dadc49156d4ea8,29,3.75,-9.75
503c1de08ae81a2d86f17951b204db55,22,4.41,-11.00
5058e8c1e82653974541e83690655b4a,63,3.03,-15.49
50c9975695009e5e6473912e83a6d1da,50,3.94,-7.84
5160d23075764e18e07c1f4a87fad743,33,4.45,-8.47
516e7738bd8f735ac19a010ee5450d8d,76,4.55,-17.65
520b493b57809f446cb0a233bb3e25c7,63,4.38,-11.07
522620dcb18a6b31cd7bdf73665113a9,174,3.87,-13.12
527801b552d0077ffd170872eb49683b,90,4.45,-10.51
52f0fe436a347ddad7ed5f9aa4e27eaa,21,3.30,-6.57
52f9db5cfb423382a2fa5c9e39303202,22,4.17,-13.68
530ec6109d11eaaf87999465c6afee01,97,4.22,-16.21
53243585a1d6dc2643021fd1853d8905,358,4.07,-10.65
5343d0649eca2a983820bfe93fc4d17e,70,3.59,-11.69
537eb890efff034a88679788b647c564,160,4.16,-11.51
53e4c6e0f4312d4d2107a8c9cddf45cd,471,4.05,-12.48
542917da124346b47ea1ac79a93ce454,20,4.15,-13.05
54965bbe3e4f07ae045b90b0b8541f52,78,2.83,-1.72
54a1852d1b8f10312c55e906355666ee,200,4.32,-10.00
55a5b51f93f2b70ea513f5a047b0262a,39,4.49,-11.56
55d3daac7c404d59e51c2aa2f4dc5a23,21,3.93,-11.14
55f7a3319d80f7fdf078b8f03e6725fe,22,3.77,-5.59
562fc2f2c2863ab7e79a9e4388a58a14,258,4.24,-12.25
5656537e588803a555b8eb41f07a944b,174,3.80,-11.04
56642bcb79900e777d68e91915cb4267,48,3.77,-10.09
5670f4db5b62c43d542e1b2d56b0cf7c,22,4.41,-13.18
575df70bde3f9f2b30bf8d2e9910d725,27,4.12,-16.85
57c764b4a836300be881e2ff86e449f9,29,4.07,-8.59
57e632711dec9ec14ca7546769483e7e,62,4.45,-15.89
582d4f8675b945722eda7c0cb61ba4c7,59,4.11,-13.04
58f1a6197ed863543e0136bdedb3fce2,44,4.16,-14.37
594f9aaa48e5bf431f011ddc5669b0d5,37,4.58,-13.08
59b22a78efb79a4797979612b885db36,125,3.95,-9.43
59fb871bf6f4522a87ba567b42dafecf,126,4.20,-13.71
5a8e7d5003a1f221f9e1d6e411de7c23,138,4.17,-11.50
5a93f3ab0ef4c84ed5e1b5dbf23978bc,39,4.73,-18.07
5b179e9e8cc7ab6fd113a46ca584da81,34,3.47,-12.67
5b67882648febfb6e1225e6ad7164f6b,27,4.03,-12.53
5b8154610ebb21fb90eb587365e673df,37,4.18,-8.40
5b925e1d006e9476d738aa200751b73b,63,4.60,-10.29
5bffbafbb22daf6d3bfc216a46db8708,21,4.70,-15.65
5c243662ce92d84573bfaff24c3e3700,98,4.10,-12.74
5c6d4016c2a288f074fa0848a2b653d2,32,4.11,-9.26
5c853bb56f70f4d14218944bae111d7a,23,4.04,-10.96
5cbbd5a299cab112b7bf23862255e43e,36,4.32,-12.45
5cf13accae3222c70a9cac40818ae839,149,4.44,-13.53
5d0363b33554b373851fc1622e4d5f3c,94,4.05,-8.09
5d3bb11474a06bdc23fb9e89f1164ee0,31,3.92,-12.56
5dceca129747e92ff8ef7a997dc4f8ca,324,3.99,-10.31
5debea795b07621e1f90532e18f96145,25,4.27,-16.42
5f1dc28029d2c244352a68107ec2b542,62,4.38,-15.03
5f2684dab12e59f83bef73ae57724e45,67,3.75,-10.14
5f3ae9136c875522250f8184f253413a,43,4.54,-11.18
5f5b43b2bffa8656e4bc6efeb13cc649,27,4.45,-12.93
602044f2c16190c2c6e45eb35c2e21cb,50,2.93,-7.36
6039e27294dc75811c0d8a39069f52c0,64,3.83,-6.35
6061155addc1e54b4cfb51c1c2a32ad8,28,4.70,-8.12
609e1a9a6c2539919b8205cf7c4e6ff0,87,3.48,-16.24
612170e34b97004b3ba37eae81836b4c,107,4.43,-17.43
620c87c171fb2a6dd6e8bb4dec959fc6,732,4.20,-12.83
624f4ece8da4aafb77699233d480f8ef,53,4.13,-10.06
6288c69c4ce638e59925e59193f98b16,22,3.95,-11.10
6338ea67c41078a46ad99cc009654956,37,4.43,-14.77
634964b17796e64304cadf1ad3050fb7,267,3.86,-9.45
63b464dbf392c7b80d12d932fa7cafed,37,3.69,-13.89
640e21a7d01df7614a3b4923e990d40c,116,4.26,-9.38
6426d21aca402a131fc0a5d0960a3c90,23,4.17,-12.57
643214e62b870443ccbe55ab29a4dccf,66,4.43,-9.85
6481e96574816ead57975da2c0f6d80d,32,4.14,-10.26
6560211a19b47992c3666cc44a7e94c0,1847,3.90,-10.77
65febd49fd28ec955651299159b1f527,35,4.23,-12.53
66922902710d126a0e7d26b0e3805106,151,4.43,-9.32
669ae81880e08f269a64487cfb287169,161,4.15,-13.32
66dc1b1632bd6a3e508510c5b3492107,37,3.43,-13.46
66e0557ecc2b4dbea057e93f215f68d8,30,4.03,-8.17
670c26e0f1bf8d0576271d5cfaec6d2b,78,4.31,-12.80
671585f5a2af58b6e276bc01003c0d2b,27,4.70,-12.96
679769a98cfcc6da877c8486ff1c13f3,21,4.57,-14.62
681fce914360217db47784ae28905a96,23,3.75,-12.33
6860153b69cc696d5dcfe1cdaaafcf62,74,4.12,-8.69
688756f717c462a206ad854c5027a64a,83,3.72,-6.80
6973a06f484aacf400ece213dbf3d946,92,3.62,-6.62
6a0cbc8af2e8abd1bdfb777943d174c6,35,4.03,-8.03
6a51fc556dab5f766ced6fbc860bc613,25,4.03,-10.65
6a8a889bde935bafa76d7848782dfaf9,26,3.93,-14.17
6a8b085f816a1f75f92dbac6eb545f8f,127,4.13,-9.29
6b15924333bd1a741595fe981ea04822,21,4.67,-10.38
6b243f80ed07b10f0e8aa0f21a205f3c,79,4.02,-13.46
6b3bd31ad8fcda4b2635ec9f3ff2ecdf,36,3.86,-9.05
6b90f847357d8981edd79a1eb1bf0acb,45,4.36,-8.11
6c177e38df6d3f34182b1f1d427231bf,55,4.04,-13.78
6c7d50c24b3ccd2fd83b44d8bb34e073,113,4.39,-10.93
6cd68b3ed6d59aaa9fece558ad360c0a,149,4.45,-13.34
6d66611d7c44cc30ce351abc49a68421,166,3.89,-9.83
6d803cb79cc31c41c4c789a75933b3c7,58,4.28,-13.21
6df688df543f90e9b38f4319e75a9d88,40,4.52,-14.29
6e386f64c84e482f0b9abf960797ee1b,30,4.50,-8.69
6ec1a01e866584bb679eb9b098345919,31,3.94,-4.35
6edacfd9f9074789dad6d62ba7950b9c,207,4.37,-10.70
6f892e20a171e98efe17fdb971ff319b,44,3.74,-9.22
6fc26fe110feebd80a433e1f012a84f9,35,4.01,-13.65
6fd52c528dcb38be2eea044946b811f8,67,3.44,-10.33
7008613ea464bad5cb9b83456e1e6a8f,127,4.26,-13.19
701938c450705b8ae65fc923b70f35c7,75,3.76,-10.73
7040e82f899a04d1b434b795a43b4617,209,3.56,-9.53
709e16e2b25c7474d980076c6bfc4806,60,4.53,-12.31
70a12e78e608ac31179aea7f8422044b,315,3.75,-9.55
70c27847eca8195c983ed7e798c56743,77,4.20,-10.99
70eea00b476a314817cefde4aad4f89a,108,4.31,-11.33
71039d19d4303bf9054d69e9a9236699,35,3.68,-6.53
710e3548e02bc1d2831dfc4f1b5b14d4,136,3.38,-21.03
712e6ed8aa4aa1fa65dab41fed5737e4,79,3.43,-9.02
7139dc5186aa238b006e066d8fbab2e4,22,4.13,-10.42
7142540dd4c91e2237acb7e911c4eba2,319,4.04,-12.93
715bbd5ba4e6b74cb0d2f29eb45058b0,62,4.47,-12.66
7178f9f4dd81dcef02f62acdf8151e01,203,4.02,-17.72
718539d38d07dd351c76db862760e2e2,35,4.49,-13.12
7202e2ba20579a9bd1acb29e61fe71f6,53,3.84,-11.23
725c32fa80c2faacc4fc88450d27314e,89,4.46,-11.24
7299e27ed73d2ad986de7f7c77d919fa,337,4.43,-11.68
729b2d09b2a0bdab221076327f13d050,49,4.52,-12.07
729f06993dac8e860d4f02d7088ca48a,96,4.26,-10.31
72c5da29406b4234927b81855e7b64f6,31,4.13,-15.61
730937bf88cb151eb2eb849f642fc213,22,4.42,-9.54
73a63f72308aa20a46f4b1632018f196,28,4.25,-14.29
744dac408745240a2c2528fb1b6028f3,79,4.55,-15.84
750303a20e9c56b2a6bc45cdce0b897d,54,4.28,-11.50
751bdc4d83a466c7206cd42e8f426b03,52,3.67,-10.82
75d34ebb1bd0bd7dde40dd507b8169c3,61,3.86,-15.99
75fbb52eda0cbc24f479d3b2fbfa8d3e,39,4.40,-13.15
7681ef142fd2c19048da7430856b5588,59,4.04,-8.53
76d5af76d0271110f9af36c92573f765,131,4.09,-11.57
76d64c4aca3a7baf218bf93ef7fa768d,64,4.12,-14.52
7722b1df1b0e383e000397b2c11e3e19,134,4.20,-11.23
77530e9772f57a62c906e1c21538ab82,319,4.04,-10.01
77a515caa36327151d1cc6c32a9f00e1,26,4.42,-9.85
784ba75dd9d20200c4caed3d7a77141a,20,3.72,-8.23
78c99c6dff4eeae5be99bf635ed21e3f,31,4.33,-9.46
7901646fdd36a55f564ffaf2dbccaaf7,22,4.44,-9.93
79ebd9a61bac3eaf882805ed4ecfa12a,136,4.00,-11.44
79ed755314cfe6df0daef2c6cd3022cd,23,4.72,-12.32
7a241947449cc45dbfda4f9d0798d9d0,61,3.58,-14.39
7a67c85e85bb2ce8582c35f2203ad736,1159,4.22,-10.90
7aa4334be125fcdd2ba64b3180029f14,217,4.05,-8.70
7ad32824caee82087b3e2e5f33b1bf32,151,3.73,-9.68
7ade73f1b9b4e965f9009a4c3a7e2c15,27,4.64,-12.59
7b07b3c7487f0ea825fc6df75abd658b,92,4.36,-10.05
7b0df942f46435babab05d49b744b2c4,32,4.28,-9.97
7b1222c3624aa89b9558b50a2594188c,22,4.45,-12.18
7c5b05cbdb5542049f38d90d7815b97d,22,4.42,-11.43
7c67e1448b00f6e969d365cea6b010ab,982,3.34,-10.63
7d13fca15225358621be4086e1eb0964,565,3.99,-10.12
7d456afc660226829370f3173d14520c,56,4.27,-11.71
7d76b645482be4a332374e8223836592,176,3.92,-8.43
7dc8c42cc750eeafea6c85712ffee9bf,41,4.26,-12.46
7ddcbb64b5bc1ef36ca8c151f6ec77df,332,3.90,-9.25
7e1fb0a3ebfb01ffb3a7dae98bf3238d,157,4.12,-9.93
7e26c750b4cb9f6766f58265ff9ebe95,23,4.41,-13.04
7e3f87d16fb353f408d467e74fbd8014,92,4.13,-9.53
7e93a43ef30c4f03f38b393420bc753a,332,4.23,-11.22
7ea5bfa6c340f58f8e71fc1f0412b0d6,98,4.06,-9.30
7ecd59e5e20407131822c1a68ac59c1f,24,4.48,-10.97
7f152321c60a266edc53af1925ef96c1,20,3.80,-5.70
7f2617c58d5d06806987308b45654351,22,3.87,-8.48
7f7b8245c336066a1f9933c359f11d77,38,4.56,-12.05
808d4348b916efa08e766ebad39f61eb,21,4.43,-8.40
8090490573c6c0aa343a7231ebcb8c86,26,4.19,-10.58
80e6699fe29150b372a0c8a1ebf7dcc8,98,4.30,-15.24
813348c996469b40f2e028d5429d3495,179,3.94,-9.93
8160255418d5aaa7dbdc9f4c64ebda44,385,3.83,-6.73
817245bcc3badd82bbd222e0366951a6,29,3.89,-12.61
81a1104df0f08b59c68aa5b03cfe398e,73,4.26,-12.76
81f89e42267213cb94da7ddc301651da,46,3.54,-8.77
821fb029fc6e495ca4f08a35d51e53a5,27,3.29,-4.24
822166ed1e47908f7cfb49946d03c726,69,3.87,-11.73
827f8f69dfa529c561901c4f2e0f332f,91,4.20,-10.07
82bd0703a4aefd6b599e5bfdaed378fb,20,3.78,-20.17
82e0a475a88cc9595229d8029273f045,41,3.38,-7.20
834f3294fba9f932f56edc879193f925,66,4.55,-8.62
834f8533b2ecb6598dd004ff3de7203a,43,3.72,-5.91
835f0f7810c76831d6c7d24c7a646d4d,43,3.35,-4.98
83deb69e889cf80f82be1dc6d5f2d486,40,4.36,-10.93
83e197e95a1bbabc8c75e883ed016c47,47,4.75,-12.83
8444e55c1f13cd5c179851e5ca5ebd00,95,3.12,-20.38
845e8036c3f7bf62099352f5ed910240,21,3.83,-12.46
850913d59ce317156b00f3705f1c3edb,31,3.42,-6.53
850f4f8af5ea87287ac68de36e29107f,187,4.28,-13.85
855668e0971d4dfd7bef1b6a4133b41b,310,3.74,-8.17
8581055ce74af1daba164fdbd55a40de,385,4.22,-8.27
85d9eb9ddc5d00ca9336a2219c97bb13,508,4.17,-14.72
8648b1e89e9b349e32d3741b30ec737e,95,4.03,-11.04
86ccac0b835037332a596a33b6949ee1,179,4.00,-13.91
870d0118f7a9d85960f29ad89d5d989a,45,4.02,-9.11
87142160b41353c4e5fca2360caf6f92,305,4.36,-14.03
88460e8ebdecbfecb5f9601833981930,247,3.36,-10.16
891071be6ba827b591264c90c2ae8a63,91,3.73,-10.72
8931a84a914b3fe9b1ddaa4d704947ca,29,3.81,-8.09
897060da8b9a21f655304d50fd935913,316,3.38,-8.79
8a130737016f838139d31878787a39c9,56,4.35,-9.77
8a32e327fe2c1b3511609d81aaf9f042,130,3.90,-13.25
8a432f4e5b471f8da497d7dc517666e2,95,4.14,-11.48
8ab42aa58097fd4668d60cc648225d5f,20,4.15,-16.35
8ae520247981aa06bc94abddf5f46d34,65,4.45,-15.46
8b2492b7ff4468839593fafeed55bad9,29,3.89,-5.53
8b28d096634035667e8263d57ba3368c,142,3.84,-9.42
8b321bb669392f5163d04c59e235e066,943,3.99,-9.11
8b9d6eec4a7eb7d0f9d579ce0b38324d,49,4.06,-9.92
8bb48dc19fccaa8613b6229bf7f452a2,82,4.34,-12.46
8bd0f31cf0a614c658f6763bd02dea69,33,4.11,-11.94
8c16d1f32a54d92897cc437244442e1b,108,4.29,-13.90
8cbac7e12637ed9cffa18c7875207478,67,4.15,-13.11
8cc6a0e5738e61a87b03c78b2ba9db4b,24,4.15,-9.79
8d79c8a04e42d722a75097ce5cbcf2ef,27,4.46,-10.96
8d956fec2e4337affcb520f56fd8cbfd,210,4.20,-9.78
8e6cc767478edae941d9bd9eb778d77a,104,3.89,-12.56
8e6d7754bc7e0f22c96d255ebda59eba,85,2.97,-5.42
8e8a7ce9f2f970dc00e2acf6f6e199f6,65,3.98,-10.25
8f119a0aee85c0c8fc534629734e94fd,76,4.21,-9.80
8f2ce03f928b567e3d56181ae20ae952,153,4.05,-8.86
8fdca8e349553f99bc738833a62c8802,22,4.24,-11.38
900ba814c251a692506d7834c1218441,88,4.17,-7.73
903037660cf848a717166eb7a06d616e,45,3.77,-16.12
916748bc99315c2d202898ae58b1617e,25,4.34,-8.69
916c9de0b5ad957346eeeb12f332687e,22,4.37,-18.07
91f848e9f4be368f4318775aac733370,63,4.21,-10.44
92eb0f42c21942b6552362b9b114707d,341,3.92,-9.46
93b9a99027bd8bd6af682aff18dd19bf,20,3.95,-16.50
93dc87703c046b603023e75222018b45,35,3.83,-10.38
94144541854e298c2d976cb893b81343,68,4.32,-14.11
94e93ce877be27a515118dbfd2c2be41,30,3.89,-10.50
951e8cef368f09bb3f3d03c00ca4702c,64,4.10,-9.90
955fee9216a65b617aa5c0531780ce60,1286,4.04,-9.41
9596c870880d900012f2e8e6e30d06d7,22,4.04,-11.48
95e03ca3d4146e4011985981aeb959b9,175,3.97,-14.24
95ec4458365c4d11f452ccf538377619,27,4.29,-11.71
95f83f51203c626648c875dd41874c7f,51,3.24,-13.31
960945e1a9535cbc0cd6ddd35fbe7ae8,28,4.66,-9.10
9616352088dcf83a7c06637f4ebf1c80,92,4.24,-14.41
9646c3513289980f17226a2fc4720dbd,69,4.34,-11.95
96493fab2fbb13a14d0c0e8772eef5c3,63,4.05,-9.25
966cb4760537b1404caedd472cc610a5,75,3.81,-14.57
9674754b5a0cb32b638cec001178f799,84,4.05,-10.19
96804ea39d96eb908e7c3afdb671bb9e,38,3.90,-12.23
972d0f9cf61b499a4812cf0bfa3ad3c4,83,2.92,-8.87
974cf2cb8f4b7add98709c30df02fe10,33,4.06,-12.83
977f9f63dd360c2a32ece2f93ad6d306,24,3.80,-9.96
98dac6635aee4995d501a3972e047414,91,3.89,-10.76
99002261c568a84cce14d43fcffb43ea,36,3.72,-11.33
994f04b3718c2bab35c2adfa8afecd2a,47,4.33,-7.58
99a54764c341d5dc80b4a8fac4eba3fb,45,3.43,-9.39
99eaacc9e6046db1c82b163c5f84869f,65,3.94,-7.88
9add47bf45ce8e8c7db6b9cf670b1e09,42,4.23,-12.63
9b00ed88b7fdb95d6ff76e27c1b52d16,46,4.58,-9.56
9b013e03b2ab786505a1d3b5c0756754,174,3.92,-9.19
9baf5cb77970f539089d09a38bcec5c3,32,4.33,-16.97
9c0e69c7bf2619675bbadf47b43f655a,156,4.03,-7.23
9d4db00d65d7760644ac0c14edb5fd86,98,4.48,-10.72
9d5a9018aee56acb367ba9c3f05d1d6a,67,4.41,-13.18
9de4643a8dbde634fe55621059d92273,72,4.53,-10.64
9e6229250fedbe05838fef417b74e7fb,74,3.90,-14.57
9f505651f4a6abe901a56cdc21508025,397,4.27,-10.10
a1043bafd471dff536d0c462352beb48,715,4.19,-11.54
a17f621c590ea0fab3d5d883e1630ec6,63,4.01,-9.59
a2e874074c877c5a05abae80ad6e488f,43,3.98,-14.93
a36b125ac6d5fdbc7f50de85c9157bdc,24,4.04,-9.72
a3a38f4affed601eb87a97788c949667,254,4.36,-13.71
a3dd39f583bc80bd8c5901c95878921e,34,4.59,-10.78
a3e9a2c700480d9bb01fba070ba80a0e,130,3.98,-9.29
a3f0b55de503387383c7b1de3ad7f678,24,4.38,-13.54
a416b6a846a11724393025641d4edd5e,157,4.20,-9.67
a420f60ff1aa9acc80d0e42959f2b313,67,3.90,-11.97
a49928bcdf77c55c6d6e05e09a9b4ca5,98,2.95,-3.84
a5a1bfcf728ab0e19182959cf0771ee4,21,4.29,-9.88
a5cba26a62b8b4d0145b68b841e62e7f,54,4.53,-13.81
a673821011d0cec28146ea42f5ab767f,127,3.75,-8.53
a6fe7de3d16f6149ffe280349a8535a0,51,3.94,-8.69
a7f13822ceb966b076af67121f87b063,75,3.41,-15.79
a888faf2d1baececa6baf9c3d603ee1f,54,4.05,-9.83
a938325a4b357fd23a6a4d5bb126408e,24,3.88,-10.76
aac29b1b99776be73c3049939652091d,98,3.79,-10.86
aae3bfea055532c57fb453ed3ec80b30,48,3.50,-13.12
aaed1309374718fdd995ee4c58c9dfcd,105,4.05,-16.32
aafe36600ce604f205b86b5084d3d767,129,4.38,-12.20
aba1721a889e04decc910aa13b768ef4,83,4.46,-10.72
abcd2cb37d46c2c8fb1bf071c859fc5b,45,4.25,-15.71
abe42c5d03695b4257b5c6cbf4e6784e,50,3.88,-8.51
ac3508719a1d8f5b7614b798f70af136,103,4.50,-17.14
acce39e832338debb07b02385cde5967,44,4.48,-9.30
aced59e9b31ef866a94f9e7f29d8d418,61,4.45,-10.42
ad420dd0c4f92f8af951ac24b86d0cf5,42,4.11,-10.74
ad781527c93d00d89a11eecd9dcad7c1,43,3.12,-8.39
adbc26658d6c7b4b6219f9d934598091,88,4.05,-7.53
af3ef48d0e13835e529c29ac573c63e5,21,3.76,-10.43
af4a0e4cfe1d9c26b6712b1be25a72e5,21,3.50,-12.65
afe0067131b73e40875c9b6c10bd2e21,45,4.29,-10.44
b14db04aa7881970e83ffa9426897925,83,3.63,-9.58
b17b679f4f5ce2e03ce6968c62648246,53,3.71,-10.53
b18dc380845b24038cfc48006478f099,44,3.87,-10.17
b19f3ca2ea475913750f25a5c37c8d8f,23,2.87,-6.37
b1a81260566c1bac3114a6d124413f27,51,4.22,-15.78
b1ac6ea7895bc3dd6f0f6f4abbdd2821,40,4.27,-15.82
b1fc4f64df5a0e8b6913ab38803c57a9,107,3.75,-8.89
b2479f944e1b90cf8a5de1bbfde284d6,102,3.35,-7.73
b2a6d334e2833acea353624840e25a0e,25,4.50,-16.04
b2ac621f0d0322434d04a12b078b9369,30,4.40,-10.77
b2ba3715d723d245138f291a6fe42594,333,4.11,-9.13
b32be1695eb7ec5f10f72d9610a12527,45,4.02,-12.82
b335c59ab742f751a85db9c411a86739,32,3.71,-10.16
b33e7c55446eabf8fe1a42d037ac7d6d,152,4.15,-10.47
b347677812ea483b0f528eaf8cbc09b7,21,4.52,-16.00
b372ee768ed69e46ca8cdbd267aa7a38,63,4.40,-18.39
b39d7fe263ef469605dbb32608aee0af,44,3.73,-15.42
b410bdd36d5db7a65dcd42b7ead933b8,44,4.66,-14.48
b494891378bd8f4560abe576c52deacd,20,4.64,-6.62
b499c00f28f4b7069ff6550af8c1348a,152,4.14,-11.25
b4a476fbd28de64b1e347abf9089366a,33,3.76,-10.34
b4ffb71f0cb1b1c3d63fad021ecf93e1,144,4.02,-14.05
b561927807645834b59ef0d16ba55a24,85,4.34,-7.91
b56906f7fd1696e043f1bcce164c487b,40,3.95,-13.64
b6d44737c043328708f6749c2dbe50bd,61,4.57,-13.41
b74d1c09cb380e1d03a6f859c6f4224b,31,4.21,-10.92
b76dba6c951ab00dc4edf0a1aa88037e,159,4.14,-15.79
b839e41795b7f3ad94cc2014a52f6796,33,4.03,-12.31
b83cedfb587e7911540e3f576d6917ce,24,4.24,-8.56
b8555308bfdb4ca1ed54325a58da9a97,26,4.07,-10.21
b8bc237ba3788b23da09c0f1f3a3288c,45,4.28,-13.36
b90e891671cffd9557f33a97dc523645,34,4.13,-15.26
b92e3c8f9738272ff7c59e111e108d7c,62,4.06,-41.91
b94cc9f10ddc85e4ba73a6f7974e7101,39,4.28,-11.79
ba143b05f0110f0dc71ad71b4466ce92,85,4.38,-7.61
ba90964cff9b9e0e6f32b23b82465f7b,38,4.42,-11.05
bacb1f0ed56ad24198f5810d2b3fe9a5,39,4.23,-12.37
bba74270a87732727b5a3b4fd9ac1c39,36,3.80,-15.20
bbad7e518d7af88a0897397ffdca1979,69,3.01,-6.25
bc47d5d1490df2b36add65d733eafaba,22,3.48,-10.82
bccf933e006e9b94a6184af782963e77,45,4.46,-12.30
bd0389da23d89b726abf911cccc54596,87,4.20,-11.57
bd23da7354813347129d751591d1a6e2,88,4.03,-9.25
bd4889b5e9133b35b66e42a8665cea5c,36,4.40,-13.29
bd697db56ff8e7c9cd1abeb7f72029b2,22,4.18,-11.67
beadbee30901a7f61d031b6b686095ad,64,3.94,-8.90
bf00385a5f7fc1ef39a13c2e9ee50a5f,29,4.31,-9.82
bf100ecb7997df312b285358fb32f92c,20,4.24,-16.52
bf3c6d2a28b2b5501e6c15448982dcc9,35,4.42,-11.02
bf84056e679dbe9c69929847a40e338f,36,3.73,-5.61
bfd27a966d91cfaafdb25d076585f0da,117,4.23,-14.53
c003204e1ab016dfa150abc119207b24,197,4.41,-10.64
c013e57c075a06e5b5c48ee03c525719,42,4.16,-10.64
c0563dd588b775f2e37747ef6ad6c92c,28,4.36,-8.21
c31eff8334d6b3047ed34bebd4d62c36,122,3.83,-9.33
c33847515fa6305ce6feb1e818569f13,114,3.72,-14.48
c3867b4666c7d76867627c2f7fb22e21,240,3.86,-9.04
c3cfdc648177fdbbbb35635a37472c53,278,4.45,-15.33
c60b801f2d52c7f7f91de00870882a75,41,3.32,-9.87
c66dccfb3f109511246da627dd5a2498,45,4.49,-14.02
c68fb906c8f4b4b946d8386bfa6e5467,45,4.50,-11.83
c6bda72e4dbf5c5866b13cb1810c6d03,59,4.40,-11.31
c70c1b0d8ca86052f45a432a38b73958,261,4.27,-8.23
c72de06d72748d1a0dfb2125be43ba63,21,4.45,-17.68
c731d18cea9bf687ffee82a241c25b11,24,3.85,-15.96
c826c40d7b19f62a09e2d7c5e7295ee2,354,4.03,-8.99
c8417879a15366a17c30af34c798c332,26,3.94,-8.97
c8467937e403e76a8ee9f0ab13f6f5ef,30,3.88,-8.61
c847e075301870dd144a116762eaff9a,41,4.12,-9.69
c864036feaab8c1659f65ea4faebe1da,58,4.57,-12.40
c8b0e2b0a7095e5d8219575d5e7e1181,84,4.01,-9.91
c8b3445d737de6befde0c88ede534a5e,30,3.97,-9.58
c9aafcd0621b2207c10e32c649cada4d,44,4.02,-10.34
c9c7905cffc4ef9ff9f113554423e671,127,4.16,-9.19
ca3bd7cd9f149df75950150d010fe4a2,70,3.74,-15.88
cab85505710c7cb9b720bceb52b01cee,206,4.27,-14.80
cac4c8e7b1ca6252d8f20b2fc1a2e4af,75,3.52,-4.24
cac876b37d3abcd6bd76caca30277996,27,4.58,-13.97
cb3dd9ce66268c7a3ca7241ac70ab58c,49,4.24,-12.54
cb8bcce248bb1fb274ba762d8b971456,68,4.26,-10.99
cbd996ad3c1b7dc71fd0e5f5df9087e2,165,3.98,-10.34
cc3d14116804f7209f3884f6367f1152,27,4.67,-16.33
cc419e0650a3c5ba77189a1882b7556a,1697,4.07,-12.11
cc5a78bbad32776dc4e3af205218368c,33,4.47,-15.63
cc63f0dd2acba93ffed4fe9f8e0321fa,55,4.05,-11.32
cca3071e3e9bb7d12640c9fbe2301306,711,3.80,-14.33
ccc4bbb5f32a6ab2b7066a4130f114e3,187,4.29,-15.93
cce6ab8d1682639fe45ab70234f1665f,62,4.48,-12.88
ccf8813e5a7d6c84d865cd38bfc2b130,26,4.38,-12.58
cd06602b43d8800bd0afad514919d35c,43,3.73,-10.67
cd68562d3f44870c08922d380acae552,124,3.85,-6.78
cd6efc47efaabf134f8bdb654e10b4f1,31,4.50,-13.13
ce248b21cb2adc36282ede306b7660e5,64,4.25,-9.63
ce27a3cc3c8cc1ea79d11e561e9bebb6,135,3.46,-12.45
ce7d1888639e6fb06b2749cbfdac1ff7,78,4.11,-11.92
cea729054f157f5870bdd321a958d994,24,4.19,-8.38
ceaec5548eefc6e23e6607c5435102e7,201,4.16,-14.29
cee48807215b30a12ca2ca10ffb5f250,39,3.70,-12.28
cfb1a033743668a192316f3c6d1d2671,146,3.96,-10.64
cfe94489ddd337d1e29e12f2a7205d10,20,4.13,-6.08
d05ae8f7a5bd1d2a690a44cd079e4e27,77,3.79,-10.30
d12c926d74ceff0a90a21184466ce161,78,4.09,-13.31
d13e50eaa47b4cbe9eb81465865d8cfc,67,4.81,-4.01
d1b65fc7debc3361ea86b5f14c68d2e2,39,4.65,-15.05
d1c281d3ae149232351cd8c8cc885f0d,215,3.76,-10.58
d1ef48b38baca7e831711c4a0aeb398f,29,4.43,-14.65
d20b021d3efdf267a402c402a48ea64b,89,3.67,-5.02
d23019c84ffae2d5ef2270367b8605fc,39,4.41,-13.41
d2374cbcbb3ca4ab1086534108cc3ab7,523,3.65,-14.49
d3674f271c91f824f82d24d92011f669,20,4.10,-10.50
d379f449f2a3b271bc01c0782020f705,28,3.93,-13.90
d3f39f05462b79a4562d35893a28f159,34,3.37,-11.43
d4e12e7884759a14fa0f5f896c791cae,29,4.63,-11.34
d50d79cb34e38265a8649c383dcffd48,70,4.21,-12.36
d566c37fa119d5e66c4e9052e83ee4ea,65,4.62,-9.53
d57e18d5f73c7ccb7f7339b61166898d,61,4.44,-10.54
d5ba419e26d246a0719437cf37d9b46d,34,3.83,-8.18
d624126b9206f595fb3fbb6ba03b28a8,23,4.32,-15.21
d650b663c3b5f6fb392b6326366efa9a,60,4.20,-10.70
d66c305afaec317ebee552073a674429,40,4.39,-18.61
d673a59aac7a70d8b01e6902bf090a11,79,3.96,-11.20
d6b1ce66b035a475f00c017792ff9769,92,4.05,-11.76
d71d863e5ef30d94e440c11be17dcd8f,29,3.06,-8.77
d8c7ba53e7e38711eaef8c2849d6d2e1,22,4.50,-17.55
d91fb3b7d041e83b64a00a3edfb37e4f,535,4.07,-11.77
d921b68bf747894be13a97ae52b0f386,77,4.56,-15.10
d93919c944be9cff128f6c9cb899eacb,33,4.00,-7.24
d94a40fd42351c259927028d163af842,101,4.07,-13.22
d97df38225e5abadaff1e72cb72b823c,29,3.86,-8.50
d98eec89afa3380e14463da2aabaea72,168,4.28,-17.73
d9a84e1403de8da0c3aa531d6d108ba6,54,4.56,-9.00
d9bd94811c3338dceb4181f3dbc0c73e,54,4.82,-7.64
da8622b14eb17ae2831f4ac5b9dab84a,1314,4.06,-10.31
daeb5653dd96c1b11860f72209795012,40,4.11,-10.46
db2956745b3a8e9f3785c99f34b5d25e,47,3.73,-11.00
db4350fd57ae30082dec7acbaacc17f9,137,4.13,-14.59
dbb9b48c841a0e39e21f98e1a6b2ec3e,108,4.20,-10.86
dbc22125167c298ef99da25668e1011f,402,4.24,-12.93
dbd66278cbfe1aa1000f90a217ca4695,85,4.45,-11.59
dc317f341ab0e22f39acbd9dbf9b4a1f,55,4.12,-14.24
dc4a0fc896dc34b0d5bfec8438291c80,231,3.78,-10.56
dc8798cbf453b7e0f98745e396cc5616,40,3.19,-8.47
dd2bdf855a9172734fbc3744021ae9b9,106,3.73,-21.84
dd533b429f380718b70ad9922c294bae,41,3.73,-8.42
dd55f1bb788714a40e7954c3be6df745,35,3.81,-8.65
dd7ddc04e1b6c2c614352b383efe2d36,122,3.74,-7.23
de23c3b98a88888289c6f5cc1209054a,163,4.30,-9.70
de722cd6dad950a92b7d4f82673f8833,339,4.14,-15.16
dee656f0f566ed1aa85bd137c943f08f,93,4.35,-13.17
df560393f3a51e74553ab94004ba5c87,28,3.72,-12.70
df56d7b40d437f88407c5f78b63bc328,22,3.88,-11.08
dfa0c4c6229ab200a4a1336b4d7128ff,77,4.01,-14.55
dfc5fb7259bb2b599ca565e6e9448f0f,33,4.12,-11.26
e067ad2c1c0b48758eb1b5228bcf7a68,54,4.13,-9.69
e06f09ec0a4aca210779cf1cfc63cf19,29,4.02,-16.26
e0878efa0e0b7e5313ac0b43bc04c081,27,3.45,-10.43
e0a366315b1b726b6c7832d664c0f530,43,4.33,-10.73
e21a1e8be4715b0fcfd5385643bc49c4,21,3.67,-10.17
e24fc9fcd865784fb25705606fe3dfe7,52,4.20,-12.49
e26901d5ab434ce92fd9b5c256820a4e,201,4.07,-12.56
e2aee0892199b1d92530e371abd825bf,37,3.88,-12.49
e333046ce6517bd8bb510291d44f0130,68,4.39,-12.64
e38db885400cd35c71dfd162f2c1dbcf,30,4.50,-11.69
e48b04bf1aa1ef711caebeb7aede6180,25,4.48,-14.64
e49c26c3edfa46d227d5121a6b6e4d37,34,4.51,-18.54
e59aa562b9f8076dd550fcddf0e73491,70,4.25,-11.45
e5a3438891c0bfdb9394643f95273d8e,223,3.80,-5.89
e5a38146df062edaf55c38afa99e42dc,121,3.92,-9.69
e5e33c0d8e7e002f398f5dc4cbbb338f,27,4.46,-13.89
e62b2d6ac10570a035a30bafcf01d263,62,3.66,-8.34
e63e8bfa530fb16910dd6956e592bb81,42,4.26,-12.74
e6a69c4a27dfdd98ffe5aa757ad744bc,23,3.71,-15.04
e7d5b006eb624f13074497221eb37807,28,3.11,-7.24
e7df4cd29ab5abab70fb0783ddb53987,23,4.29,-10.42
e882b2a25a10b9c057cc49695f222c19,57,4.59,-17.95
e883aa812c37a7413226856f4579fe91,26,3.90,-12.00
e89c4adbe7b1d0819dbb636e16461cf1,24,3.88,-9.68
e8b3a3a38279a82f0e5d006d5e5b7d2c,87,3.73,-17.84
e8b4225284fbb02d16f200513f1f395d,31,4.19,-12.90
e8f6dc8e6a1dcde89d20e3995c8d90b3,36,3.35,-19.45
e9511df20ccd82658a30c37b7fb343af,22,4.47,-12.63
e96498ed8daaa3e9c23f7a62da76591c,34,3.94,-9.38
e9779976487b77c6d4ac45f75ec7afe9,656,4.16,-8.89
e99e927c81e3f51739c94fcdfca9f10f,22,3.56,-9.08
e9bc59e7b60fc3063eb2290deda4cced,215,3.96,-13.13
e9d99831abad74458942f21e16f33f92,130,3.90,-8.82
ea566164622c6b439516ab18062c42cd,50,3.75,-7.02
ea67327e24487bdfac5fbfa37ea124df,32,3.56,-14.26
ea8482cd71df3c1969d7b9473ff13abc,1145,3.94,-9.22
ebd2d60905fb58271facef5596b620d3,84,4.13,-10.32
ec8879960bd2221d5c32f8e12f7da711,36,4.22,-7.89
ececbfcff9804a2d6b40f589df8eef2b,98,4.12,-10.93
ed4311e67debd72b8610a5347a743087,25,4.35,-7.92
ed4acab38528488b65a9a9c603ff024a,32,3.73,-11.69
edb1ef5e36e0c8cd84eb3c9b003e486d,166,4.43,-12.62
ede0c03645598cdfc63ca8237acbe73d,45,3.53,-3.53
edf96ef93ed595084bbcbd9224bd2894,25,3.79,-8.04
eeb6de78f79159600292e314a77cbd18,83,4.43,-15.89
eed78ac17f7f795a19a709745f00cd4e,22,3.41,-12.02
ef0ace09169ac090589d85746e3e036f,129,4.34,-10.76
ef2fbc2b607d8492bcffe657a4645434,20,3.91,-9.24
ef506c96320abeedfb894c34db06f478,323,3.88,-10.27
ef990a83bbea832f36ebe81376335aa8,43,3.66,-7.70
efcd8d2104f1a05d028af7bad20d974b,47,4.18,-13.54
f00e21b1e91a79653163b7fd8f293ff1,31,4.06,-15.26
f0837c8d71434931d9e38e7b79234797,22,4.61,-19.22
f08c008c8a8d31417763738a1788a2a8,22,3.00,-5.95
f0b47fbbc6dee9aafe415a6e33051b3f,68,4.23,-11.80
f12ff17ad8bbf01ec5c33b17e506649b,28,3.86,-9.54
f181738b150df1f37cb0bd72e705b193,36,4.49,-9.16
f214d28e8d8e3ef068748498ccc2f813,54,3.97,-12.18
f262cbc1c910c83959f849465454ddd3,191,4.08,-9.00
f27e33c6d29b5138fa9967bcd445b6d5,93,4.09,-9.81
f3b80352b986ab4d1057a4b724be19d0,87,4.13,-12.00
f3da5b2ff499efb8d4a6d371d175d7dd,79,3.83,-7.33
f41ce2e25237f9092cd8e6e7516c7a2f,27,4.32,-13.26
f45122a9ab94eb4f3f8953578bc0c560,187,3.91,-9.42
f457c46070d02cadd8a68551231220dd,196,3.78,-11.45
f46490624488d3ff7ce78613913a7711,83,3.46,-8.28
f4aba7c0bca51484c30ab7bdc34bcdd1,110,3.88,-14.63
f4db9b37944bcb8873e6b456ee190bbf,21,4.55,-10.18
f593898ec748b7a8cb81fc04edafd98a,20,3.48,-13.36
f5a590cf36251cf1162ea35bef76fe84,114,4.29,-10.15
f615fe7efbef0f4f08fd3086bc7a3e60,22,4.52,-11.78
f61c63d13f7cd800549d5acdd390ae72,26,4.00,-10.31
f62d7bb4a613ec758a03342d46b580b2,32,4.38,-8.81
f67efa3f0b6761102a7f8c6b7b571f5d,31,4.44,-17.19
f680f85bee2d253556ac91be391d2c82,45,4.30,-11.85
f7496d659ca9fdaf323c0aae84176632,26,4.59,-19.92
f76a3b1349b6df1ee875d1f3fa4340f0,24,3.46,-4.92
f7720c4fa8e3aba4546301ab80ea1f1b,60,4.20,-13.77
f789d2c4f2c2eb38fc4373e7a4b35264,44,4.18,-13.92
f7ba60f8c3f99e7ee4042fdef03b70c4,219,4.20,-8.32
f7ccf836d21b2fb1de37564105216cc1,70,3.74,-8.11
f80edd2c5aaa505cc4b0a3b219abf4b8,118,4.09,-11.20
f84a00e60c73a49e7e851c9bdca3a5bb,90,3.67,-9.92
f84fa566034f5e8e880a07ec624c56af,91,4.24,-7.40
f8db351d8c4c4c22c6835c19a46f01b0,666,4.20,-10.75
f918546be4bec7104d117789ba758b2b,20,3.83,-9.39
f9244d45189d3a3605499abddeade7d5,21,4.29,-23.25
fa1a9dec3a9940c072684a46728bf1fc,55,3.93,-13.98
fa1c13f2614d7b5c4749cbc52fecda94,584,4.33,-9.41
fa40cc5b934574b62717c68f3d678b6d,306,4.43,-10.43
fad44952713764836814be105382aee5,32,4.28,-11.00
fb89df7f89fd1b8f03fa2acca1ba7364,22,3.84,-9.00
fc906263ca5083d09dce42fe02247800,114,4.37,-13.80
fcb5ace8bcc92f75707dc0f01a27d269,61,3.85,-8.23
fd386aa7bed2af3c7035c65506c9b4a3,69,4.36,-8.75
fdb9095204a334cd8872252ffec6f2db,46,4.14,-11.00
fde0cc9ea29c8ccfc0a2c22256a58c71,35,4.49,-15.37
fe2032dab1a61af8794248c8196565c9,294,4.36,-10.15
febab0275244b9a49a623f0bd613ca2f,109,4.26,-10.79
ff063b022a9a0aab91bad2c9088760b7,94,4.25,-11.06
ff1fb4c404b2efe68b03350a8dc24122,46,4.06,-7.90
ff69aa92bb6b1bf9b8b7a51c2ed9cf8b,20,3.65,-8.35
ffc470761de7d0232558ba5e786e57b7,28,4.23,-10.73
fffd5413c0700ac820c7069d66d98c89,59,3.93,-10.47
